date and time,water depth (points) (m)
1905-08-19 00:00:00,        8.92848
1905-08-19 01:00:00,        8.94398
1905-08-19 02:00:00,        8.98993
1905-08-19 03:00:00,         9.0451
1905-08-19 04:00:00,         9.0768
1905-08-19 05:00:00,        9.10762
1905-08-19 06:00:00,        9.13389
1905-08-19 07:00:00,        8.75544
1905-08-19 08:00:00,        8.81329
1905-08-19 09:00:00,         9.6967
1905-08-19 10:00:00,        9.73967
1905-08-19 11:00:00,        8.87439
1905-08-19 12:00:00,        8.76862
1905-08-19 13:00:00,        8.71148
1905-08-19 14:00:00,        9.02062
1905-08-19 15:00:00,        8.63573
1905-08-19 16:00:00,        9.00659
1905-08-19 17:00:00,        9.43644
1905-08-19 18:00:00,        9.86853
1905-08-19 19:00:00,        10.1128
1905-08-19 20:00:00,        10.1627
1905-08-19 21:00:00,        9.97153
1905-08-19 22:00:00,        9.46464
1905-08-19 23:00:00,        9.00776
1905-08-20 00:00:00,        8.50485
1905-08-20 01:00:00,        8.16701
1905-08-20 02:00:00,        7.89393
1905-08-20 03:00:00,        7.72723
1905-08-20 04:00:00,        8.66351
1905-08-20 05:00:00,        9.44473
1905-08-20 06:00:00,         10.104
1905-08-20 07:00:00,        10.4118
1905-08-20 08:00:00,        10.2876
1905-08-20 09:00:00,        10.0288
1905-08-20 10:00:00,        9.49728
1905-08-20 11:00:00,        8.78777
1905-08-20 12:00:00,        8.43578
1905-08-20 13:00:00,        8.20137
1905-08-20 14:00:00,        7.93569
1905-08-20 15:00:00,        8.06169
1905-08-20 16:00:00,         8.8609
1905-08-20 17:00:00,        9.62736
1905-08-20 18:00:00,         10.203
1905-08-20 19:00:00,        10.5355
1905-08-20 20:00:00,        10.4538
1905-08-20 21:00:00,        10.2077
1905-08-20 22:00:00,        9.56318
1905-08-20 23:00:00,        8.92411
1905-08-21 00:00:00,        8.58039
1905-08-21 01:00:00,        8.23814
1905-08-21 02:00:00,        7.87502
1905-08-21 03:00:00,        7.77726
1905-08-21 04:00:00,        8.30035
1905-08-21 05:00:00,        9.11771
1905-08-21 06:00:00,        9.80673
1905-08-21 07:00:00,        10.2507
1905-08-21 08:00:00,        10.3506
1905-08-21 09:00:00,        10.2158
1905-08-21 10:00:00,        9.83239
1905-08-21 11:00:00,        9.20772
1905-08-21 12:00:00,        8.75559
1905-08-21 13:00:00,        8.50776
1905-08-21 14:00:00,        8.20365
1905-08-21 15:00:00,         8.0181
1905-08-21 16:00:00,        8.34456
1905-08-21 17:00:00,        9.08767
1905-08-21 18:00:00,        9.76096
1905-08-21 19:00:00,        10.2047
1905-08-21 20:00:00,        10.3555
1905-08-21 21:00:00,        10.1992
1905-08-21 22:00:00,        9.84932
1905-08-21 23:00:00,        9.23038
1905-08-22 00:00:00,        8.74387
1905-08-22 01:00:00,        8.47289
1905-08-22 02:00:00,        8.13529
1905-08-22 03:00:00,        7.85822
1905-08-22 04:00:00,        7.97031
1905-08-22 05:00:00,        8.64707
1905-08-22 06:00:00,        9.36105
1905-08-22 07:00:00,        9.91116
1905-08-22 08:00:00,        10.2326
1905-08-22 09:00:00,        10.2143
1905-08-22 10:00:00,        10.0545
1905-08-22 11:00:00,        9.58042
1905-08-22 12:00:00,        9.03975
1905-08-22 13:00:00,        8.72824
1905-08-22 14:00:00,        8.49439
1905-08-22 15:00:00,        8.23544
1905-08-22 16:00:00,         8.2187
1905-08-22 17:00:00,        8.67559
1905-08-22 18:00:00,        9.27837
1905-08-22 19:00:00,        9.77422
1905-08-22 20:00:00,          10.08
1905-08-22 21:00:00,        10.0668
1905-08-22 22:00:00,         9.8812
1905-08-22 23:00:00,        9.45981
1905-08-23 00:00:00,        8.94784
1905-08-23 01:00:00,        8.61275
1905-08-23 02:00:00,        8.36562
1905-08-23 03:00:00,        8.07901
1905-08-23 04:00:00,        7.96603
1905-08-23 05:00:00,        8.26756
1905-08-23 06:00:00,        8.88164
1905-08-23 07:00:00,        9.47122
1905-08-23 08:00:00,         9.9172
1905-08-23 09:00:00,         10.118
1905-08-23 10:00:00,        10.1106
1905-08-23 11:00:00,        9.89642
1905-08-23 12:00:00,        9.44649
1905-08-23 13:00:00,         9.0311
1905-08-23 14:00:00,        8.78511
1905-08-23 15:00:00,        8.54898
1905-08-23 16:00:00,        8.34322
1905-08-23 17:00:00,        8.39044
1905-08-23 18:00:00,         8.7614
1905-08-23 19:00:00,        9.22666
1905-08-23 20:00:00,        9.60523
1905-08-23 21:00:00,        9.82021
1905-08-23 22:00:00,        9.78812
1905-08-23 23:00:00,         9.5997
1905-08-24 00:00:00,        9.24234
1905-08-24 01:00:00,        8.84734
1905-08-24 02:00:00,        8.57919
1905-08-24 03:00:00,        8.36859
1905-08-24 04:00:00,        8.16707
1905-08-24 05:00:00,        8.14133
1905-08-24 06:00:00,        8.42472
1905-08-24 07:00:00,        8.91493
1905-08-24 08:00:00,        9.41167
1905-08-24 09:00:00,        9.80587
1905-08-24 10:00:00,        10.0085
1905-08-24 11:00:00,        10.0443
1905-08-24 12:00:00,        9.87105
1905-08-24 13:00:00,        9.51677
1905-08-24 14:00:00,         9.1732
1905-08-24 15:00:00,        8.91492
1905-08-24 16:00:00,        8.67117
1905-08-24 17:00:00,        8.45103
1905-08-24 18:00:00,        8.40715
1905-08-24 19:00:00,        8.58816
1905-08-24 20:00:00,         8.9367
1905-08-24 21:00:00,        9.27659
1905-08-24 22:00:00,        9.52027
1905-08-24 23:00:00,        9.57725
1905-08-25 00:00:00,         9.4716
1905-08-25 01:00:00,        9.24671
1905-08-25 02:00:00,        8.93548
1905-08-25 03:00:00,        8.65782
1905-08-25 04:00:00,        8.47759
1905-08-25 05:00:00,        8.32801
1905-08-25 06:00:00,        8.26025
1905-08-25 07:00:00,        8.38648
1905-08-25 08:00:00,        8.74311
1905-08-25 09:00:00,        9.20269
1905-08-25 10:00:00,        9.64491
1905-08-25 11:00:00,         9.9463
1905-08-25 12:00:00,        10.0758
1905-08-25 13:00:00,        10.0237
1905-08-25 14:00:00,        9.76237
1905-08-25 15:00:00,        9.40085
1905-08-25 16:00:00,        9.06612
1905-08-25 17:00:00,        8.77597
1905-08-25 18:00:00,        8.49396
1905-08-25 19:00:00,        8.29838
1905-08-25 20:00:00,        8.29378
1905-08-25 21:00:00,        8.53018
1905-08-25 22:00:00,        8.93585
1905-08-25 23:00:00,        9.29614
1905-08-26 00:00:00,        9.52297
1905-08-26 01:00:00,        9.56026
1905-08-26 02:00:00,        9.43862
1905-08-26 03:00:00,        9.19723
1905-08-26 04:00:00,         8.8465
1905-08-26 05:00:00,        8.55957
1905-08-26 06:00:00,        8.39586
1905-08-26 07:00:00,        8.25837
1905-08-26 08:00:00,        8.21365
1905-08-26 09:00:00,        8.44512
1905-08-26 10:00:00,        8.94981
1905-08-26 11:00:00,        9.50712
1905-08-26 12:00:00,        9.97095
1905-08-26 13:00:00,        10.2179
1905-08-26 14:00:00,        10.2618
1905-08-26 15:00:00,        10.0688
1905-08-26 16:00:00,        9.62472
1905-08-26 17:00:00,        9.15504
1905-08-26 18:00:00,        8.79141
1905-08-26 19:00:00,        8.46846
1905-08-26 20:00:00,        8.14772
1905-08-26 21:00:00,        8.01255
1905-08-26 22:00:00,        8.20039
1905-08-26 23:00:00,        8.75143
1905-08-27 00:00:00,        9.27029
1905-08-27 01:00:00,        9.62713
1905-08-27 02:00:00,        9.78449
1905-08-27 03:00:00,        9.67501
1905-08-27 04:00:00,        9.45075
1905-08-27 05:00:00,         8.9984
1905-08-27 06:00:00,        8.56354
1905-08-27 07:00:00,        8.33269
1905-08-27 08:00:00,        8.14837
1905-08-27 09:00:00,        7.98568
1905-08-27 10:00:00,        8.14692
1905-08-27 11:00:00,        8.80264
1905-08-27 12:00:00,        9.51616
1905-08-27 13:00:00,        10.0994
1905-08-27 14:00:00,        10.4536
1905-08-27 15:00:00,        10.4926
1905-08-27 16:00:00,        10.3159
1905-08-27 17:00:00,        9.76062
1905-08-27 18:00:00,         9.1482
1905-08-27 19:00:00,        8.73425
1905-08-27 20:00:00,        8.39261
1905-08-27 21:00:00,        7.99717
1905-08-27 22:00:00,        7.78296
1905-08-27 23:00:00,        8.02713
1905-08-28 00:00:00,        8.79017
1905-08-28 01:00:00,        9.44895
1905-08-28 02:00:00,        9.86344
1905-08-28 03:00:00,         10.051
1905-08-28 04:00:00,        9.88718
1905-08-28 05:00:00,        9.60895
1905-08-28 06:00:00,         9.0251
1905-08-28 07:00:00,        8.50252
1905-08-28 08:00:00,        8.24925
1905-08-28 09:00:00,        7.99873
1905-08-28 10:00:00,        7.75006
1905-08-28 11:00:00,        7.93519
1905-08-28 12:00:00,        8.81565
1905-08-28 13:00:00,        9.67666
1905-08-28 14:00:00,        10.3119
1905-08-28 15:00:00,        10.6888
1905-08-28 16:00:00,        10.6628
1905-08-28 17:00:00,        10.4244
1905-08-28 18:00:00,        9.74023
1905-08-28 19:00:00,        9.03616
1905-08-28 20:00:00,        8.62929
1905-08-28 21:00:00,        8.26086
1905-08-28 22:00:00,        7.81343
1905-08-28 23:00:00,        7.58754
1905-08-29 00:00:00,        8.04512
1905-08-29 01:00:00,        8.98632
1905-08-29 02:00:00,        9.72271
1905-08-29 03:00:00,        10.1052
1905-08-29 04:00:00,         10.245
1905-08-29 05:00:00,         10.011
1905-08-29 06:00:00,        9.63191
1905-08-29 07:00:00,        8.91012
1905-08-29 08:00:00,        8.39405
1905-08-29 09:00:00,        8.14953
1905-08-29 10:00:00,        7.81549
1905-08-29 11:00:00,        7.52697
1905-08-29 12:00:00,        7.88723
1905-08-29 13:00:00,        8.97018
1905-08-29 14:00:00,        9.93063
1905-08-29 15:00:00,         10.525
1905-08-29 16:00:00,        10.8554
1905-08-29 17:00:00,        10.7346
1905-08-29 18:00:00,        10.3855
1905-08-29 19:00:00,        9.56375
1905-08-29 20:00:00,        8.86129
1905-08-29 21:00:00,        8.50398
1905-08-29 22:00:00,        8.08445
1905-08-29 23:00:00,        7.61518
1905-08-30 00:00:00,        7.47047
1905-08-30 01:00:00,        8.33784
1905-08-30 02:00:00,        9.30964
1905-08-30 03:00:00,        10.0448
1905-08-30 04:00:00,        10.3614
1905-08-30 05:00:00,        10.3466
1905-08-30 06:00:00,        10.0451
1905-08-30 07:00:00,        9.51745
1905-08-30 08:00:00,        8.73469
1905-08-30 09:00:00,        8.31739
1905-08-30 10:00:00,        8.04998
1905-08-30 11:00:00,        7.63205
1905-08-30 12:00:00,        7.37671
1905-08-30 13:00:00,         8.1122
1905-08-30 14:00:00,        9.26257
1905-08-30 15:00:00,        10.2225
1905-08-30 16:00:00,         10.722
1905-08-30 17:00:00,        10.9254
1905-08-30 18:00:00,        10.6999
1905-08-30 19:00:00,         10.196
1905-08-30 20:00:00,        9.28943
1905-08-30 21:00:00,        8.69199
1905-08-30 22:00:00,        8.37589
1905-08-30 23:00:00,        7.88508
1905-08-31 00:00:00,        7.43807
1905-08-31 01:00:00,        7.50573
1905-08-31 02:00:00,        8.72228
1905-08-31 03:00:00,        9.68811
1905-08-31 04:00:00,        10.3303
1905-08-31 05:00:00,        10.5992
1905-08-31 06:00:00,        10.3747
1905-08-31 07:00:00,        10.0187
1905-08-31 08:00:00,        9.29576
1905-08-31 09:00:00,        8.56918
1905-08-31 10:00:00,        8.24703
1905-08-31 11:00:00,        7.90438
1905-08-31 12:00:00,        7.46116
1905-08-31 13:00:00,        7.35407
1905-08-31 14:00:00,        8.52422
1905-08-31 15:00:00,        9.62857
1905-08-31 16:00:00,        10.4914
1905-08-31 17:00:00,         10.909
1905-08-31 18:00:00,        10.8816
1905-08-31 19:00:00,        10.5808
1905-08-31 20:00:00,         9.9107
1905-08-31 21:00:00,        9.02826
1905-08-31 22:00:00,        8.56681
1905-08-31 23:00:00,        8.22509
1905-09-01 00:00:00,        7.72239
1905-09-01 01:00:00,        7.42393
1905-09-01 02:00:00,        8.18952
1905-09-01 03:00:00,        9.28148
1905-09-01 04:00:00,        10.1732
1905-09-01 05:00:00,        10.6264
1905-09-01 06:00:00,        10.8257
1905-09-01 07:00:00,        10.5808
1905-09-01 08:00:00,        10.0724
1905-09-01 09:00:00,        9.18712
1905-09-01 10:00:00,        8.65517
1905-09-01 11:00:00,        8.39542
1905-09-01 12:00:00,        7.99695
1905-09-01 13:00:00,        7.69993
1905-09-01 14:00:00,        8.16788
1905-09-01 15:00:00,        9.43159
1905-09-01 16:00:00,        10.5885
1905-09-01 17:00:00,        11.3694
1905-09-01 18:00:00,        11.8623
1905-09-01 19:00:00,        11.8583
1905-09-01 20:00:00,        11.6793
1905-09-01 21:00:00,        10.9812
1905-09-01 22:00:00,        10.3108
1905-09-01 23:00:00,        9.76257
1905-09-02 00:00:00,         9.0222
1905-09-02 01:00:00,        8.24872
1905-09-02 02:00:00,        7.76351
1905-09-02 03:00:00,        7.69033
1905-09-02 04:00:00,        8.67992
1905-09-02 05:00:00,        9.67887
1905-09-02 06:00:00,        10.1451
1905-09-02 07:00:00,        9.95949
1905-09-02 08:00:00,        9.43588
1905-09-02 09:00:00,        9.03665
1905-09-02 10:00:00,        8.63748
1905-09-02 11:00:00,        8.03991
1905-09-02 12:00:00,        7.80835
1905-09-02 13:00:00,        7.57189
1905-09-02 14:00:00,        7.31877
1905-09-02 15:00:00,        7.80942
1905-09-02 16:00:00,        9.02575
1905-09-02 17:00:00,        9.99872
1905-09-02 18:00:00,        10.4702
1905-09-02 19:00:00,        10.6435
1905-09-02 20:00:00,        10.3707
1905-09-02 21:00:00,         9.9141
