Year,Mon,Day,daily_acc_10thmm
1874,8,20,10
1874,8,21,0
1874,8,22,0
1874,8,23,262
1874,8,24,0
1874,8,25,2
1874,8,26,0
1874,8,27,0
1874,8,28,44
1874,8,29,95
1874,8,30,0
1874,8,31,0
1875,8,20,0
1875,8,21,0
1875,8,22,10
1875,8,23,4
1875,8,24,0
1875,8,25,0
1875,8,26,21
1875,8,27,4
1875,8,28,268
1875,8,29,51
1875,8,30,13
1875,8,31,776
1876,8,20,0
1876,8,21,0
1876,8,22,0
1876,8,23,0
1876,8,24,0
1876,8,25,0
1876,8,26,28
1876,8,27,0
1876,8,28,0
1876,8,29,0
1876,8,30,0
1876,8,31,0
1877,8,20,256
1877,8,21,383
1877,8,22,23
1877,8,23,0
1877,8,24,0
1877,8,25,0
1877,8,26,0
1877,8,27,0
1877,8,28,0
1877,8,29,0
1877,8,30,0
1877,8,31,0
1878,8,20,12
1878,8,21,4
1878,8,22,0
1878,8,23,124
1878,8,24,0
1878,8,25,198
1878,8,26,36
1878,8,27,5
1878,8,28,166
1878,8,29,0
1878,8,30,0
1878,8,31,3
1879,8,20,370
1879,8,21,3
1879,8,22,3
1879,8,23,0
1879,8,24,0
1879,8,25,0
1879,8,26,0
1879,8,27,237
1879,8,28,0
1879,8,29,0
1879,8,30,0
1879,8,31,0
1880,8,20,0
1880,8,21,0
1880,8,22,0
1880,8,23,0
1880,8,24,0
1880,8,25,0
1880,8,26,306
1880,8,27,0
1880,8,28,89
1880,8,29,386
1880,8,30,56
1880,8,31,107
1881,8,20,0
1881,8,21,0
1881,8,22,0
1881,8,23,0
1881,8,24,0
1881,8,25,0
1881,8,26,11
1881,8,27,71
1881,8,28,1718
1881,8,29,618
1881,8,30,0
1881,8,31,0
1882,8,20,0
1882,8,21,0
1882,8,22,157
1882,8,23,2
1882,8,24,0
1882,8,25,0
1882,8,26,0
1882,8,27,280
1882,8,28,21
1882,8,29,762
1882,8,30,2
1882,8,31,0
1883,8,20,0
1883,8,21,2
1883,8,22,0
1883,8,23,460
1883,8,24,547
1883,8,25,0
1883,8,26,0
1883,8,27,0
1883,8,28,0
1883,8,29,0
1883,8,30,0
1883,8,31,0
1884,8,20,45
1884,8,21,0
1884,8,22,5
1884,8,23,117
1884,8,24,0
1884,8,25,1
1884,8,26,0
1884,8,27,0
1884,8,28,0
1884,8,29,40
1884,8,30,93
1884,8,31,29
1885,8,20,0
1885,8,21,0
1885,8,22,0
1885,8,23,0
1885,8,24,0
1885,8,25,0
1885,8,26,0
1885,8,27,0
1885,8,28,0
1885,8,29,0
1885,8,30,1
1885,8,31,0
1886,8,20,240
1886,8,21,0
1886,8,22,0
1886,8,23,0
1886,8,24,0
1886,8,25,2
1886,8,26,7
1886,8,27,4
1886,8,28,0
1886,8,29,139
1886,8,30,0
1886,8,31,0
1887,8,20,0
1887,8,21,0
1887,8,22,0
1887,8,23,0
1887,8,24,0
1887,8,25,0
1887,8,26,0
1887,8,27,0
1887,8,28,2
1887,8,29,0
1887,8,30,0
1887,8,31,453
1888,8,20,0
1888,8,21,0
1888,8,22,82
1888,8,23,30
1888,8,24,2
1888,8,25,0
1888,8,26,8
1888,8,27,0
1888,8,28,0
1888,8,29,0
1888,8,30,0
1888,8,31,25
1889,8,20,44
1889,8,21,0
1889,8,22,0
1889,8,23,253
1889,8,24,1204
1889,8,25,1
1889,8,26,30
1889,8,27,0
1889,8,28,0
1889,8,29,0
1889,8,30,0
1889,8,31,0
1890,8,20,26
1890,8,21,0
1890,8,22,0
1890,8,23,106
1890,8,24,1
1890,8,25,0
1890,8,26,0
1890,8,27,0
1890,8,28,14
1890,8,29,183
1890,8,30,11
1890,8,31,0
1891,8,20,68
1891,8,21,107
1891,8,22,372
1891,8,23,164
1891,8,24,55
1891,8,25,0
1891,8,26,0
1891,8,27,475
1891,8,28,5
1891,8,29,0
1891,8,30,1300
1891,8,31,676
1892,8,20,0
1892,8,21,0
1892,8,22,0
1892,8,23,0
1892,8,24,0
1892,8,25,9
1892,8,26,10
1892,8,27,11
1892,8,28,0
1892,8,29,0
1892,8,30,0
1892,8,31,0
1893,8,20,148
1893,8,21,195
1893,8,22,181
1893,8,23,0
1893,8,24,0
1893,8,25,0
1893,8,26,0
1893,8,27,0
1893,8,28,0
1893,8,29,0
1893,8,30,0
1893,8,31,336
1894,8,20,0
1894,8,21,0
1894,8,22,0
1894,8,23,0
1894,8,24,0
1894,8,25,192
1894,8,26,0
1894,8,27,0
1894,8,28,25
1894,8,29,0
1894,8,30,523
1894,8,31,0
1895,8,20,0
1895,8,21,0
1895,8,22,0
1895,8,23,0
1895,8,24,7
1895,8,25,0
1895,8,26,0
1895,8,27,0
1895,8,28,1132
1895,8,29,296
1895,8,30,52
1895,8,31,113
1896,8,20,0
1896,8,21,2
1896,8,22,1
1896,8,23,76
1896,8,24,0
1896,8,25,0
1896,8,26,0
1896,8,27,1
1896,8,28,16
1896,8,29,27
1896,8,30,0
1896,8,31,0
1897,8,20,0
1897,8,21,0
1897,8,22,0
1897,8,23,0
1897,8,24,0
1897,8,25,0
1897,8,26,46
1897,8,27,1086
1897,8,28,60
1897,8,29,75
1897,8,30,0
1897,8,31,0
1898,8,20,345
1898,8,21,1
1898,8,22,2
1898,8,23,0
1898,8,24,0
1898,8,25,0
1898,8,26,0
1898,8,27,21
1898,8,28,22
1898,8,29,0
1898,8,30,0
1898,8,31,0
1899,8,20,200
1899,8,21,386
1899,8,22,5
1899,8,23,0
1899,8,24,0
1899,8,25,0
1899,8,26,9
1899,8,27,337
1899,8,28,100
1899,8,29,0
1899,8,30,12
1899,8,31,123
1900,8,20,0
1900,8,21,5
1900,8,22,22
1900,8,23,86
1900,8,24,0
1900,8,25,0
1900,8,26,74
1900,8,27,226
1900,8,28,18
1900,8,29,0
1900,8,30,0
1900,8,31,0
1901,8,20,0
1901,8,21,0
1901,8,22,0
1901,8,23,0
1901,8,24,0
1901,8,25,0
1901,8,26,0
1901,8,27,0
1901,8,28,0
1901,8,29,0
1901,8,30,0
1901,8,31,0
1902,8,20,0
1902,8,21,118
1902,8,22,10
1902,8,23,1
1902,8,24,0
1902,8,25,0
1902,8,26,0
1902,8,27,0
1902,8,28,0
1902,8,29,3
1902,8,30,36
1902,8,31,289
1903,8,20,0
1903,8,21,4
1903,8,22,28
1903,8,23,0
1903,8,24,0
1903,8,25,0
1903,8,26,0
1903,8,27,0
1903,8,28,0
1903,8,29,0
1903,8,30,0
1903,8,31,0
1904,8,20,0
1904,8,21,0
1904,8,22,0
1904,8,23,0
1904,8,24,0
1904,8,25,0
1904,8,26,0
1904,8,27,0
1904,8,28,0
1904,8,29,0
1904,8,30,0
1904,8,31,0
1905,8,20,124
1905,8,21,366
1905,8,22,104
1905,8,23,5
1905,8,24,65
1905,8,25,0
1905,8,26,8
1905,8,27,0
1905,8,28,745
1905,8,29,135
1905,8,30,25
1905,8,31,0
1906,8,20,14
1906,8,21,195
1906,8,22,107
1906,8,23,3
1906,8,24,0
1906,8,25,4
1906,8,26,0
1906,8,27,69
1906,8,28,1
1906,8,29,99
1906,8,30,26
1906,8,31,0
1907,8,20,0
1907,8,21,0
1907,8,22,0
1907,8,23,0
1907,8,24,6
1907,8,25,0
1907,8,26,0
1907,8,27,0
1907,8,28,0
1907,8,29,0
1907,8,30,86
1907,8,31,110
1908,8,20,0
1908,8,21,0
1908,8,22,0
1908,8,23,6
1908,8,24,61
1908,8,25,639
1908,8,26,27
1908,8,27,0
1908,8,28,0
1908,8,29,0
1908,8,30,0
1908,8,31,0
1909,8,20,0
1909,8,21,0
1909,8,22,21
1909,8,23,10
1909,8,24,1
1909,8,25,0
1909,8,26,124
1909,8,27,6
1909,8,28,290
1909,8,29,0
1909,8,30,540
1909,8,31,2
1910,8,20,0
1910,8,21,30
1910,8,22,160
1910,8,23,0
1910,8,24,8
1910,8,25,0
1910,8,26,0
1910,8,27,0
1910,8,28,40
1910,8,29,0
1910,8,30,8
1910,8,31,0
1911,8,20,257
1911,8,21,0
1911,8,22,19
1911,8,23,4
1911,8,24,11
1911,8,25,26
1911,8,26,48
1911,8,27,389
1911,8,28,155
1911,8,29,17
1911,8,30,0
1911,8,31,0
1912,8,20,0
1912,8,21,0
1912,8,22,0
1912,8,23,0
1912,8,24,0
1912,8,25,1553
1912,8,26,63
1912,8,27,318
1912,8,28,0
1912,8,29,8
1912,8,30,5
1912,8,31,165
1913,8,20,0
1913,8,21,0
1913,8,22,253
1913,8,23,0
1913,8,24,0
1913,8,25,0
1913,8,26,0
1913,8,27,0
1913,8,28,0
1913,8,29,0
1913,8,30,2
1913,8,31,0
1914,8,20,0
1914,8,21,0
1914,8,22,0
1914,8,23,14
1914,8,24,25
1914,8,25,0
1914,8,26,42
1914,8,27,0
1914,8,28,224
1914,8,29,0
1914,8,30,0
1914,8,31,0
1915,8,20,0
1915,8,21,0
1915,8,22,0
1915,8,23,244
1915,8,24,92
1915,8,25,0
1915,8,26,0
1915,8,27,0
1915,8,28,0
1915,8,29,0
1915,8,30,0
1915,8,31,2
1916,8,20,0
1916,8,21,0
1916,8,22,0
1916,8,23,0
1916,8,24,65
1916,8,25,172
1916,8,26,0
1916,8,27,8
1916,8,28,0
1916,8,29,0
1916,8,30,15
1916,8,31,0
1917,8,20,551
1917,8,21,0
1917,8,22,0
1917,8,23,0
1917,8,24,0
1917,8,25,0
1917,8,26,20
1917,8,27,158
1917,8,28,0
1917,8,29,0
1917,8,30,0
1917,8,31,37
1918,8,20,497
1918,8,21,1
1918,8,22,0
1918,8,23,0
1918,8,24,0
1918,8,25,1
1918,8,26,0
1918,8,27,0
1918,8,28,0
1918,8,29,1
1918,8,30,0
1918,8,31,481
1919,8,20,0
1919,8,21,0
1919,8,22,0
1919,8,23,0
1919,8,24,0
1919,8,25,9
1919,8,26,226
1919,8,27,0
1919,8,28,0
1919,8,29,0
1919,8,30,52
1919,8,31,0
1920,8,20,0
1920,8,21,13
1920,8,22,18
1920,8,23,0
1920,8,24,3
1920,8,25,423
1920,8,26,0
1920,8,27,0
1920,8,28,0
1920,8,29,117
1920,8,30,24
1920,8,31,0
1921,8,20,932
1921,8,21,918
1921,8,22,16
1921,8,23,0
1921,8,24,0
1921,8,25,0
1921,8,26,0
1921,8,27,0
1921,8,28,1
1921,8,29,15
1921,8,30,148
1921,8,31,205
1922,8,20,31
1922,8,21,9
1922,8,22,6
1922,8,23,0
1922,8,24,83
1922,8,25,0
1922,8,26,0
1922,8,27,0
1922,8,28,571
1922,8,29,0
1922,8,30,0
1922,8,31,407
1923,8,20,0
1923,8,21,0
1923,8,22,0
1923,8,23,76
1923,8,24,129
1923,8,25,0
1923,8,26,0
1923,8,27,0
1923,8,28,0
1923,8,29,0
1923,8,30,3
1923,8,31,19
1924,8,20,0
1924,8,21,0
1924,8,22,28
1924,8,23,9
1924,8,24,5
1924,8,25,82
1924,8,26,0
1924,8,27,20
1924,8,28,319
1924,8,29,0
1924,8,30,22
1924,8,31,42
1925,8,20,2
1925,8,21,0
1925,8,22,119
1925,8,23,8
1925,8,24,0
1925,8,25,0
1925,8,26,0
1925,8,27,24
1925,8,28,64
1925,8,29,0
1925,8,30,0
1925,8,31,320
1926,8,20,0
1926,8,21,6
1926,8,22,0
1926,8,23,0
1926,8,24,0
1926,8,25,441
1926,8,26,315
1926,8,27,0
1926,8,28,461
1926,8,29,235
1926,8,30,492
1926,8,31,305
1927,8,20,0
1927,8,21,0
1927,8,22,0
1927,8,23,1
1927,8,24,31
1927,8,25,0
1927,8,26,0
1927,8,27,25
1927,8,28,2
1927,8,29,0
1927,8,30,93
1927,8,31,43
1928,8,20,0
1928,8,21,0
1928,8,22,0
1928,8,23,0
1928,8,24,0
1928,8,25,1
1928,8,26,236
1928,8,27,147
1928,8,28,0
1928,8,29,0
1928,8,30,0
1928,8,31,0
1929,8,20,0
1929,8,21,0
1929,8,22,0
1929,8,23,0
1929,8,24,0
1929,8,25,32
1929,8,26,82
1929,8,27,8
1929,8,28,308
1929,8,29,2
1929,8,30,0
1929,8,31,0
1930,8,20,0
1930,8,21,70
1930,8,22,0
1930,8,23,0
1930,8,24,0
1930,8,25,0
1930,8,26,0
1930,8,27,8
1930,8,28,882
1930,8,29,3
1930,8,30,0
1930,8,31,0
1931,8,20,0
1931,8,21,0
1931,8,22,0
1931,8,23,0
1931,8,24,17
1931,8,25,843
1931,8,26,208
1931,8,27,0
1931,8,28,0
1931,8,29,0
1931,8,30,1
1931,8,31,0
1932,8,20,10
1932,8,21,8
1932,8,22,0
1932,8,23,212
1932,8,24,48
1932,8,25,14
1932,8,26,10
1932,8,27,0
1932,8,28,0
1932,8,29,0
1932,8,30,215
1932,8,31,340
1933,8,20,0
1933,8,21,68
1933,8,22,0
1933,8,23,0
1933,8,24,2
1933,8,25,95
1933,8,26,0
1933,8,27,40
1933,8,28,153
1933,8,29,0
1933,8,30,0
1933,8,31,3
1934,8,20,0
1934,8,21,0
1934,8,22,0
1934,8,23,0
1934,8,24,0
1934,8,25,0
1934,8,26,0
1934,8,27,0
1934,8,28,0
1934,8,29,0
1934,8,30,108
1934,8,31,0
1935,8,20,149
1935,8,21,207
1935,8,22,0
1935,8,23,0
1935,8,24,0
1935,8,25,0
1935,8,26,1
1935,8,27,0
1935,8,28,0
1935,8,29,0
1935,8,30,2
1935,8,31,0
1936,8,20,0
1936,8,21,9
1936,8,22,0
1936,8,23,0
1936,8,24,0
1936,8,25,0
1936,8,26,0
1936,8,27,65
1936,8,28,0
1936,8,29,0
1936,8,30,0
1936,8,31,74
1937,8,20,0
1937,8,21,0
1937,8,22,0
1937,8,23,0
1937,8,24,0
1937,8,25,0
1937,8,26,0
1937,8,27,0
1937,8,28,0
1937,8,29,0
1937,8,30,0
1937,8,31,0
1938,8,20,0
1938,8,21,0
1938,8,22,0
1938,8,23,0
1938,8,24,0
1938,8,25,0
1938,8,26,27
1938,8,27,128
1938,8,28,91
1938,8,29,2
1938,8,30,0
1938,8,31,0
1939,8,20,0
1939,8,21,0
1939,8,22,0
1939,8,23,0
1939,8,24,0
1939,8,25,0
1939,8,26,0
1939,8,27,0
1939,8,28,168
1939,8,29,403
1939,8,30,261
1939,8,31,0
1940,8,20,0
1940,8,21,0
1940,8,22,0
1940,8,23,0
1940,8,24,10
1940,8,25,0
1940,8,26,0
1940,8,27,0
1940,8,28,2
1940,8,29,0
1940,8,30,93
1940,8,31,20
1941,8,20,46
1941,8,21,162
1941,8,22,0
1941,8,23,0
1941,8,24,0
1941,8,25,0
1941,8,26,0
1941,8,27,0
1941,8,28,144
1941,8,29,301
1941,8,30,202
1941,8,31,0
1942,8,20,0
1942,8,21,0
1942,8,22,0
1942,8,23,0
1942,8,24,0
1942,8,25,116
1942,8,26,0
1942,8,27,0
1942,8,28,0
1942,8,29,0
1942,8,30,0
1942,8,31,0
1943,8,20,0
1943,8,21,0
1943,8,22,67
1943,8,23,0
1943,8,24,50
1943,8,25,0
1943,8,26,0
1943,8,27,0
1943,8,28,220
1943,8,29,3
1943,8,30,0
1943,8,31,0
1944,8,20,0
1944,8,21,238
1944,8,22,34
1944,8,23,5
1944,8,24,0
1944,8,25,0
1944,8,26,0
1944,8,27,0
1944,8,28,0
1944,8,29,0
1944,8,30,0
1944,8,31,0
1945,8,20,174
1945,8,21,0
1945,8,22,0
1945,8,23,0
1945,8,24,0
1945,8,25,0
1945,8,26,0
1945,8,27,0
1945,8,28,0
1945,8,29,0
1945,8,30,0
1945,8,31,375
1946,8,20,0
1946,8,21,0
1946,8,22,0
1946,8,23,0
1946,8,24,3
1946,8,25,0
1946,8,26,7
1946,8,27,7
1946,8,28,0
1946,8,29,0
1946,8,30,0
1946,8,31,786
1947,8,20,0
1947,8,21,0
1947,8,22,0
1947,8,23,0
1947,8,24,0
1947,8,25,247
1947,8,26,46
1947,8,27,0
1947,8,28,26
1947,8,29,51
1947,8,30,2
1947,8,31,0
1948,8,20,89
1948,8,21,131
1948,8,22,623
1948,8,23,72
1948,8,24,82
1948,8,25,0
1948,8,26,2
1948,8,27,0
1948,8,28,0
1948,8,29,0
1948,8,30,0
1948,8,31,0
1949,8,20,0
1949,8,21,142
1949,8,22,5
1949,8,23,35
1949,8,24,0
1949,8,25,0
1949,8,26,0
1949,8,27,0
1949,8,28,0
1949,8,29,166
1949,8,30,0
1949,8,31,12
1950,8,20,0
1950,8,21,131
1950,8,22,40
1950,8,23,4
1950,8,24,0
1950,8,25,42
1950,8,26,142
1950,8,27,55
1950,8,28,0
1950,8,29,0
1950,8,30,0
1950,8,31,0
1951,8,20,245
1951,8,21,735
1951,8,22,114
1951,8,23,0
1951,8,24,0
1951,8,25,0
1951,8,26,0
1951,8,27,0
1951,8,28,0
1951,8,29,239
1951,8,30,0
1951,8,31,0
1952,8,20,0
1952,8,21,274
1952,8,22,0
1952,8,23,0
1952,8,24,0
1952,8,25,0
1952,8,26,275
1952,8,27,0
1952,8,28,0
1952,8,29,0
1952,8,30,0
1952,8,31,4
1953,8,20,0
1953,8,21,0
1953,8,22,0
1953,8,23,0
1953,8,24,0
1953,8,25,0
1953,8,26,0
1953,8,27,8
1953,8,28,0
1953,8,29,17
1953,8,30,33
1953,8,31,117
1954,8,20,35
1954,8,21,723
1954,8,22,32
1954,8,23,0
1954,8,24,0
1954,8,25,891
1954,8,26,42
1954,8,27,0
1954,8,28,0
1954,8,29,0
1954,8,30,0
1954,8,31,0
1955,8,20,0
1955,8,21,9
1955,8,22,0
1955,8,23,7
1955,8,24,0
1955,8,25,1
1955,8,26,49
1955,8,27,16
1955,8,28,363
1955,8,29,33
1955,8,30,0
1955,8,31,0
1956,8,20,81
1956,8,21,0
1956,8,22,0
1956,8,23,0
1956,8,24,19
1956,8,25,11
1956,8,26,255
1956,8,27,0
1956,8,28,1
1956,8,29,6
1956,8,30,2
1956,8,31,11
1957,8,20,55
1957,8,21,0
1957,8,22,0
1957,8,23,0
1957,8,24,22
1957,8,25,5
1957,8,26,0
1957,8,27,0
1957,8,28,0
1957,8,29,277
1957,8,30,0
1957,8,31,0
1958,8,20,141
1958,8,21,152
1958,8,22,193
1958,8,23,0
1958,8,24,409
1958,8,25,6
1958,8,26,20
1958,8,27,100
1958,8,28,441
1958,8,29,4
1958,8,30,201
1958,8,31,63
1959,8,20,0
1959,8,21,0
1959,8,22,184
1959,8,23,0
1959,8,24,0
1959,8,25,0
1959,8,26,0
1959,8,27,0
1959,8,28,0
1959,8,29,0
1959,8,30,64
1959,8,31,2
1960,8,20,0
1960,8,21,1
1960,8,22,106
1960,8,23,0
1960,8,24,0
1960,8,25,0
1960,8,26,0
1960,8,27,0
1960,8,28,1
1960,8,29,8
1960,8,30,0
1960,8,31,0
1961,8,20,0
1961,8,21,0
1961,8,22,0
1961,8,23,0
1961,8,24,0
1961,8,25,54
1961,8,26,0
1961,8,27,0
1961,8,28,0
1961,8,29,0
1961,8,30,0
1961,8,31,0
1962,8,20,0
1962,8,21,0
1962,8,22,128
1962,8,23,100
1962,8,24,85
1962,8,25,0
1962,8,26,0
1962,8,27,311
1962,8,28,0
1962,8,29,0
1962,8,30,18
1962,8,31,0
1963,8,20,22
1963,8,21,0
1963,8,22,0
1963,8,23,278
1963,8,24,136
1963,8,25,13
1963,8,26,376
1963,8,27,0
1963,8,28,49
1963,8,29,0
1963,8,30,0
1963,8,31,1
1964,8,20,7
1964,8,21,3
1964,8,22,0
1964,8,23,0
1964,8,24,0
1964,8,25,0
1964,8,26,0
1964,8,27,0
1964,8,28,0
1964,8,29,0
1964,8,30,0
1964,8,31,0
1965,8,20,53
1965,8,21,249
1965,8,22,34
1965,8,23,0
1965,8,24,0
1965,8,25,68
1965,8,26,0
1965,8,27,2
1965,8,28,0
1965,8,29,44
1965,8,30,5
1965,8,31,0
1966,8,20,303
1966,8,21,65
1966,8,22,10
1966,8,23,29
1966,8,24,0
1966,8,25,0
1966,8,26,0
1966,8,27,0
1966,8,28,0
1966,8,29,0
1966,8,30,0
1966,8,31,0
1967,8,20,0
1967,8,21,0
1967,8,22,0
1967,8,23,0
1967,8,24,0
1967,8,25,0
1967,8,26,0
1967,8,27,0
1967,8,28,0
1967,8,29,0
1967,8,30,0
1967,8,31,0
1968,8,20,0
1968,8,21,0
1968,8,22,0
1968,8,23,85
1968,8,24,0
1968,8,25,0
1968,8,26,0
1968,8,27,0
1968,8,28,0
1968,8,29,0
1968,8,30,0
1968,8,31,0
1969,8,20,2
1969,8,21,0
1969,8,22,0
1969,8,23,107
1969,8,24,6
1969,8,25,8
1969,8,26,0
1969,8,27,0
1969,8,28,22
1969,8,29,6
1969,8,30,295
1969,8,31,91
1970,8,20,0
1970,8,21,7
1970,8,22,0
1970,8,23,109
1970,8,24,0
1970,8,25,0
1970,8,26,0
1970,8,27,0
1970,8,28,0
1970,8,29,211
1970,8,30,168
1970,8,31,0
1971,8,20,46
1971,8,21,0
1971,8,22,0
1971,8,23,308
1971,8,24,7
1971,8,25,0
1971,8,26,0
1971,8,27,4
1971,8,28,0
1971,8,29,0
1971,8,30,9
1971,8,31,315
1972,8,20,0
1972,8,21,313
1972,8,22,344
1972,8,23,0
1972,8,24,0
1972,8,25,0
1972,8,26,3
1972,8,27,0
1972,8,28,1
1972,8,29,0
1972,8,30,0
1972,8,31,1
1973,8,20,0
1973,8,21,0
1973,8,22,0
1973,8,23,0
1973,8,24,0
1973,8,25,0
1973,8,26,0
1973,8,27,5
1973,8,28,47
1973,8,29,522
1973,8,30,0
1973,8,31,0
1974,8,20,63
1974,8,21,385
1974,8,22,4
1974,8,23,0
1974,8,24,0
1974,8,25,0
1974,8,26,0
1974,8,27,0
1974,8,28,0
1974,8,29,135
1974,8,30,0
1974,8,31,0
1975,8,20,0
1975,8,21,0
1975,8,22,0
1975,8,23,0
1975,8,24,0
1975,8,25,0
1975,8,26,6
1975,8,27,0
1975,8,28,11
1975,8,29,0
1975,8,30,0
1975,8,31,0
1976,8,20,0
1976,8,21,0
1976,8,22,1093
1976,8,23,0
1976,8,24,0
1976,8,25,0
1976,8,26,0
1976,8,27,0
1976,8,28,15
1976,8,29,33
1976,8,30,96
1976,8,31,880
1977,8,20,0
1977,8,21,44
1977,8,22,651
1977,8,23,60
1977,8,24,0
1977,8,25,0
1977,8,26,0
1977,8,27,0
1977,8,28,0
1977,8,29,0
1977,8,30,0
1977,8,31,112
1978,8,20,0
1978,8,21,0
1978,8,22,26
1978,8,23,0
1978,8,24,0
1978,8,25,0
1978,8,26,0
1978,8,27,0
1978,8,28,0
1978,8,29,0
1978,8,30,2
1978,8,31,0
1979,8,20,0
1979,8,21,0
1979,8,22,29
1979,8,23,2
1979,8,24,195
1979,8,25,353
1979,8,26,0
1979,8,27,74
1979,8,28,0
1979,8,29,0
1979,8,30,0
1979,8,31,0
1980,8,20,1
1980,8,21,236
1980,8,22,589
1980,8,23,0
1980,8,24,0
1980,8,25,260
1980,8,26,0
1980,8,27,0
1980,8,28,48
1980,8,29,0
1980,8,30,94
1980,8,31,8
1981,8,20,0
1981,8,21,0
1981,8,22,0
1981,8,23,0
1981,8,24,0
1981,8,25,0
1981,8,26,90
1981,8,27,67
1981,8,28,3
1981,8,29,0
1981,8,30,9
1981,8,31,31
1982,8,20,3
1982,8,21,12
1982,8,22,1
1982,8,23,268
1982,8,24,39
1982,8,25,77
1982,8,26,9
1982,8,27,0
1982,8,28,0
1982,8,29,4
1982,8,30,327
1982,8,31,1
1983,8,20,0
1983,8,21,36
1983,8,22,10
1983,8,23,5
1983,8,24,0
1983,8,25,259
1983,8,26,60
1983,8,27,4
1983,8,28,0
1983,8,29,0
1983,8,30,0
1983,8,31,0
1984,8,20,121
1984,8,21,0
1984,8,22,0
1984,8,23,97
1984,8,24,0
1984,8,25,0
1984,8,26,0
1984,8,27,2
1984,8,28,0
1984,8,29,0
1984,8,30,3
1984,8,31,150
1985,8,20,0
1985,8,21,2
1985,8,22,0
1985,8,23,101
1985,8,24,6
1985,8,25,9
1985,8,26,0
1985,8,27,0
1985,8,28,0
1985,8,29,0
1985,8,30,0
1985,8,31,676
1986,8,20,354
1986,8,21,0
1986,8,22,0
1986,8,23,0
1986,8,24,0
1986,8,25,0
1986,8,26,11
1986,8,27,93
1986,8,28,51
1986,8,29,0
1986,8,30,0
1986,8,31,202
1987,8,20,135
1987,8,21,522
1987,8,22,301
1987,8,23,314
1987,8,24,92
1987,8,25,63
1987,8,26,0
1987,8,27,0
1987,8,28,0
1987,8,29,0
1987,8,30,60
1987,8,31,0
1988,8,20,165
1988,8,21,558
1988,8,22,36
1988,8,23,6
1988,8,24,0
1988,8,25,0
1988,8,26,169
1988,8,27,8
1988,8,28,0
1988,8,29,0
1988,8,30,0
1988,8,31,0
1989,8,20,1
1989,8,21,4
1989,8,22,537
1989,8,23,519
1989,8,24,17
1989,8,25,0
1989,8,26,0
1989,8,27,52
1989,8,28,0
1989,8,29,63
1989,8,30,0
1989,8,31,100
1990,8,20,95
1990,8,21,143
1990,8,22,16
1990,8,23,0
1990,8,24,105
1990,8,25,1
1990,8,26,0
1990,8,27,0
1990,8,28,0
1990,8,29,0
1990,8,30,18
1990,8,31,992
1991,8,20,0
1991,8,21,0
1991,8,22,0
1991,8,23,1
1991,8,24,0
1991,8,25,0
1991,8,26,0
1991,8,27,0
1991,8,28,0
1991,8,29,0
1991,8,30,0
1991,8,31,0
1992,8,20,0
1992,8,21,0
1992,8,22,0
1992,8,23,86
1992,8,24,0
1992,8,25,7
1992,8,26,0
1992,8,27,87
1992,8,28,3
1992,8,29,0
1992,8,30,11
1992,8,31,593
1993,8,20,114
1993,8,21,437
1993,8,22,54
1993,8,23,0
1993,8,24,0
1993,8,25,0
1993,8,26,0
1993,8,27,0
1993,8,28,0
1993,8,29,0
1993,8,30,0
1993,8,31,0
1994,8,20,0
1994,8,21,0
1994,8,22,84
1994,8,23,0
1994,8,24,0
1994,8,25,55
1994,8,26,0
1994,8,27,0
1994,8,28,136
1994,8,29,0
1994,8,30,0
1994,8,31,0
1995,8,20,2
1995,8,21,17
1995,8,22,0
1995,8,23,145
1995,8,24,338
1995,8,25,213
1995,8,26,201
1995,8,27,0
1995,8,28,23
1995,8,29,27
1995,8,30,0
1995,8,31,0
1996,8,20,0
1996,8,21,20
1996,8,22,0
1996,8,23,0
1996,8,24,0
1996,8,25,0
1996,8,26,21
1996,8,27,0
1996,8,28,0
1996,8,29,0
1996,8,30,45
1996,8,31,5
1997,8,20,22
1997,8,21,5
1997,8,22,0
1997,8,23,38
1997,8,24,23
1997,8,25,381
1997,8,26,246
1997,8,27,0
1997,8,28,0
1997,8,29,0
1997,8,30,0
1997,8,31,0
1998,8,20,472
1998,8,21,0
1998,8,22,0
1998,8,23,0
1998,8,24,0
1998,8,25,73
1998,8,26,64
1998,8,27,226
1998,8,28,0
1998,8,29,0
1998,8,30,3
1998,8,31,72
1999,8,20,145
1999,8,21,62
1999,8,22,781
1999,8,23,0
1999,8,24,6
1999,8,25,21
1999,8,26,129
1999,8,27,494
1999,8,28,0
1999,8,29,0
1999,8,30,375
1999,8,31,0
2000,8,20,198
2000,8,21,0
2000,8,22,0
2000,8,23,0
2000,8,24,129
2000,8,25,60
2000,8,26,68
2000,8,27,165
2000,8,28,0
2000,8,29,20
2000,8,30,66
2000,8,31,557
2001,8,20,0
2001,8,21,0
2001,8,22,0
2001,8,23,0
2001,8,24,0
2001,8,25,466
2001,8,26,20
2001,8,27,0
2001,8,28,0
2001,8,29,356
2001,8,30,20
2001,8,31,10
2002,8,20,0
2002,8,21,0
2002,8,22,0
2002,8,23,0
2002,8,24,0
2002,8,25,264
2002,8,26,114
2002,8,27,204
2002,8,28,122
2002,8,29,100
2002,8,30,4
2002,8,31,0
2003,8,20,55
2003,8,21,0
2003,8,22,0
2003,8,23,0
2003,8,24,0
2003,8,25,0
2003,8,26,0
2003,8,27,0
2003,8,28,0
2003,8,29,0
2003,8,30,0
2003,8,31,0
2004,8,20,0
2004,8,21,165
2004,8,22,392
2004,8,23,330
2004,8,24,9
2004,8,25,17
2004,8,26,0
2004,8,27,0
2004,8,28,0
2004,8,29,0
2004,8,30,0
2004,8,31,12
2005,8,20,0
2005,8,21,0
2005,8,22,0
2005,8,23,0
2005,8,24,30
2005,8,25,0
2005,8,26,0
2005,8,27,254
2005,8,28,30
2005,8,29,1
2005,8,30,0
2005,8,31,154
2006,8,20,0
2006,8,21,0
2006,8,22,49
2006,8,23,0
2006,8,24,0
2006,8,25,0
2006,8,26,0
2006,8,27,23
2006,8,28,72
2006,8,29,0
2006,8,30,23
2006,8,31,69
2007,8,20,0
2007,8,21,0
2007,8,22,0
2007,8,23,0
2007,8,24,0
2007,8,25,0
2007,8,26,20
2007,8,27,0
2007,8,28,0
2007,8,29,271
2007,8,30,0
2007,8,31,0
2008,8,20,220
2008,8,21,0
2008,8,22,0
2008,8,23,71
2008,8,24,0
2008,8,25,1645
2008,8,26,0
2008,8,27,0
2008,8,28,0
2008,8,29,47
2008,8,30,0
2008,8,31,8
2009,8,20,169
2009,8,21,47
2009,8,22,94
2009,8,23,348
2009,8,24,0
2009,8,25,0
2009,8,26,0
2009,8,27,0
2009,8,28,0
2009,8,29,0
2009,8,30,0
2009,8,31,6
2010,8,20,0
2010,8,21,0
2010,8,22,0
2010,8,23,0
2010,8,24,0
2010,8,25,120
2010,8,26,136
2010,8,27,194
2010,8,28,0
2010,8,29,0
2010,8,30,0
2010,8,31,50
2011,8,20,0
2011,8,21,0
2011,8,22,5
2011,8,23,0
2011,8,24,53
2011,8,25,462
2011,8,26,36
2011,8,27,362
2011,8,28,0
2011,8,29,0
2011,8,30,2
2011,8,31,0
2012,8,20,439
2012,8,21,1
2012,8,22,48
2012,8,23,3
2012,8,24,0
2012,8,25,303
2012,8,26,0
2012,8,27,0
2012,8,28,42
2012,8,29,0
2012,8,30,0
2012,8,31,0
2013,8,20,0
2013,8,21,0
2013,8,22,11
2013,8,23,1
2013,8,24,0
2013,8,25,8
2013,8,26,52
2013,8,27,0
2013,8,28,0
2013,8,29,130
2013,8,30,3
2013,8,31,0
2014,8,20,485
2014,8,21,0
2014,8,22,0
2014,8,23,4
2014,8,24,0
2014,8,25,333
2014,8,26,1
2014,8,27,49
2014,8,28,0
2014,8,29,9
2014,8,30,0
2014,8,31,0
2015,8,20,1
2015,8,21,72
2015,8,22,393
2015,8,23,77
2015,8,24,1510
2015,8,25,1
2015,8,26,0
2015,8,27,0
2015,8,28,252
2015,8,29,92
2015,8,30,0
2015,8,31,0
2016,8,20,0
2016,8,21,0
2016,8,22,3
2016,8,23,0
2016,8,24,0
2016,8,25,0
2016,8,26,14
2016,8,27,0
2016,8,28,0
2016,8,29,0
2016,8,30,0
2016,8,31,0
2017,8,20,240
2017,8,21,586
2017,8,22,15
2017,8,23,0
2017,8,24,0
2017,8,25,1
2017,8,26,0
2017,8,27,0
2017,8,28,0
2017,8,29,23
2017,8,30,0
2017,8,31,0
2018,8,20,0
2018,8,21,54
2018,8,22,0
2018,8,23,0
2018,8,24,0
2018,8,25,69
2018,8,26,41
2018,8,27,0
2018,8,28,0
2018,8,29,0
2018,8,30,0
2018,8,31,0
2019,8,20,0
2019,8,21,0
2019,8,22,0
2019,8,23,1
2019,8,24,0
2019,8,25,11
2019,8,26,6
2019,8,27,0
2019,8,28,120
2019,8,29,213
2019,8,30,112
2019,8,31,0
2020,8,20,0
2020,8,21,0
2020,8,22,0
2020,8,23,0
2020,8,24,0
2020,8,25,0
2020,8,26,307
2020,8,27,2
2020,8,28,664
2020,8,29,390
2020,8,30,0
2020,8,31,0
2021,8,20,0
2021,8,21,33
2021,8,22,31
2021,8,23,8
2021,8,24,70
2021,8,25,18
2021,8,26,0
2021,8,27,392
2021,8,28,0
2021,8,29,0
2021,8,30,0
2021,8,31,0
2022,8,20,235
2022,8,21,86
2022,8,22,0
2022,8,23,289
2022,8,24,0
2022,8,25,0
2022,8,26,0
2022,8,27,39
2022,8,28,0
2022,8,29,0
2022,8,30,0
2022,8,31,14
2023,8,20,0
2023,8,21,0
2023,8,22,112
2023,8,23,701
2023,8,24,0
2023,8,25,0
2023,8,26,0
2023,8,27,50
2023,8,28,108
2023,8,29,327
2023,8,30,216
2023,8,31,43
1874,9,1,0
1874,9,2,421
1874,9,3,0
1874,9,4,0
1874,9,5,4
1875,9,1,1571
1875,9,2,0
1875,9,3,9
1875,9,4,0
1875,9,5,89
1876,9,1,0
1876,9,2,0
1876,9,3,0
1876,9,4,0
1876,9,5,0
1877,9,1,0
1877,9,2,0
1877,9,3,0
1877,9,4,28
1877,9,5,48
1878,9,1,0
1878,9,2,0
1878,9,3,2
1878,9,4,0
1878,9,5,0
1879,9,1,18
1879,9,2,354
1879,9,3,131
1879,9,4,61
1879,9,5,0
1880,9,1,3
1880,9,2,0
1880,9,3,0
1880,9,4,0
1880,9,5,0
1881,9,1,7
1881,9,2,429
1881,9,3,8
1881,9,4,0
1881,9,5,3
1882,9,1,20
1882,9,2,31
1882,9,3,0
1882,9,4,0
1882,9,5,0
1883,9,1,71
1883,9,2,0
1883,9,3,0
1883,9,4,195
1883,9,5,0
1884,9,1,10
1884,9,2,112
1884,9,3,134
1884,9,4,0
1884,9,5,0
1885,9,1,4
1885,9,2,190
1885,9,3,0
1885,9,4,14
1885,9,5,177
1886,9,1,60
1886,9,2,0
1886,9,3,0
1886,9,4,0
1886,9,5,120
1887,9,1,990
1887,9,2,69
1887,9,3,8
1887,9,4,0
1887,9,5,0
1888,9,1,34
1888,9,2,2
1888,9,3,0
1888,9,4,0
1888,9,5,0
1889,9,1,0
1889,9,2,154
1889,9,3,0
1889,9,4,1
1889,9,5,0
1890,9,1,0
1890,9,2,180
1890,9,3,288
1890,9,4,13
1890,9,5,10
1891,9,1,103
1891,9,2,1013
1891,9,3,5
1891,9,4,13
1891,9,5,0
1892,9,1,0
1892,9,2,142
1892,9,3,2
1892,9,4,0
1892,9,5,0
1893,9,1,1
1893,9,2,538
1893,9,3,52
1893,9,4,0
1893,9,5,108
1894,9,1,0
1894,9,2,0
1894,9,3,0
1894,9,4,14
1894,9,5,3
1895,9,1,100
1895,9,2,10
1895,9,3,7
1895,9,4,11
1895,9,5,136
1896,9,1,0
1896,9,2,14
1896,9,3,17
1896,9,4,6
1896,9,5,0
1897,9,1,328
1897,9,2,264
1897,9,3,11
1897,9,4,0
1897,9,5,0
1898,9,1,0
1898,9,2,0
1898,9,3,0
1898,9,4,0
1898,9,5,0
1899,9,1,4
1899,9,2,0
1899,9,3,78
1899,9,4,136
1899,9,5,104
1900,9,1,0
1900,9,2,12
1900,9,3,0
1900,9,4,329
1900,9,5,17
1901,9,1,0
1901,9,2,0
1901,9,3,0
1901,9,4,0
1901,9,5,0
1902,9,1,118
1902,9,2,181
1902,9,3,0
1902,9,4,0
1902,9,5,11
1903,9,1,0
1903,9,2,0
1903,9,3,0
1903,9,4,0
1903,9,5,113
1904,9,1,0
1904,9,2,0
1904,9,3,5
1904,9,4,0
1904,9,5,0
1905,9,1,119
1905,9,2,201
1905,9,3,0
1905,9,4,0
1905,9,5,0
1906,9,1,11
1906,9,2,36
1906,9,3,0
1906,9,4,0
1906,9,5,17
1907,9,1,22
1907,9,2,118
1907,9,3,38
1907,9,4,49
1907,9,5,44
1908,9,1,0
1908,9,2,2
1908,9,3,0
1908,9,4,0
1908,9,5,0
1909,9,1,0
1909,9,2,0
1909,9,3,84
1909,9,4,153
1909,9,5,709
1910,9,1,2
1910,9,2,0
1910,9,3,88
1910,9,4,0
1910,9,5,0
1911,9,1,1
1911,9,2,0
1911,9,3,0
1911,9,4,642
1911,9,5,166
1912,9,1,0
1912,9,2,0
1912,9,3,0
1912,9,4,0
1912,9,5,0
1913,9,1,0
1913,9,2,0
1913,9,3,0
1913,9,4,4
1913,9,5,0
1914,9,1,0
1914,9,2,69
1914,9,3,0
1914,9,4,11
1914,9,5,0
1915,9,1,0
1915,9,2,595
1915,9,3,0
1915,9,4,0
1915,9,5,0
1916,9,1,119
1916,9,2,0
1916,9,3,0
1916,9,4,275
1916,9,5,0
1917,9,1,0
1917,9,2,0
1917,9,3,0
1917,9,4,0
1917,9,5,0
1918,9,1,17
1918,9,2,0
1918,9,3,445
1918,9,4,66
1918,9,5,2
1919,9,1,2
1919,9,2,18
1919,9,3,27
1919,9,4,1
1919,9,5,0
1920,9,1,0
1920,9,2,0
1920,9,3,30
1920,9,4,165
1920,9,5,59
1921,9,1,441
1921,9,2,164
1921,9,3,13
1921,9,4,14
1921,9,5,0
1922,9,1,455
1922,9,2,135
1922,9,3,9
1922,9,4,0
1922,9,5,0
1923,9,1,34
1923,9,2,23
1923,9,3,2
1923,9,4,0
1923,9,5,0
1924,9,1,46
1924,9,2,133
1924,9,3,2
1924,9,4,1
1924,9,5,18
1925,9,1,0
1925,9,2,0
1925,9,3,2
1925,9,4,78
1925,9,5,3
1926,9,1,0
1926,9,2,78
1926,9,3,0
1926,9,4,0
1926,9,5,0
1927,9,1,0
1927,9,2,287
1927,9,3,0
1927,9,4,326
1927,9,5,74
1928,9,1,0
1928,9,2,0
1928,9,3,68
1928,9,4,88
1928,9,5,0
1929,9,1,0
1929,9,2,0
1929,9,3,0
1929,9,4,0
1929,9,5,0
1930,9,1,45
1930,9,2,110
1930,9,3,154
1930,9,4,239
1930,9,5,6
1931,9,1,0
1931,9,2,137
1931,9,3,514
1931,9,4,374
1931,9,5,619
1932,9,1,214
1932,9,2,12
1932,9,3,130
1932,9,4,0
1932,9,5,0
1933,9,1,196
1933,9,2,173
1933,9,3,103
1933,9,4,0
1933,9,5,0
1934,9,1,31
1934,9,2,0
1934,9,3,0
1934,9,4,197
1934,9,5,0
1935,9,1,0
1935,9,2,168
1935,9,3,34
1935,9,4,57
1935,9,5,7
1936,9,1,65
1936,9,2,2
1936,9,3,144
1936,9,4,0
1936,9,5,0
1937,9,1,0
1937,9,2,0
1937,9,3,0
1937,9,4,0
1937,9,5,0
1938,9,1,0
1938,9,2,29
1938,9,3,0
1938,9,4,6
1938,9,5,0
1939,9,1,0
1939,9,2,0
1939,9,3,123
1939,9,4,10
1939,9,5,0
1940,9,1,384
1940,9,2,118
1940,9,3,3
1940,9,4,0
1940,9,5,0
1941,9,1,0
1941,9,2,0
1941,9,3,29
1941,9,4,44
1941,9,5,0
1942,9,1,0
1942,9,2,0
1942,9,3,0
1942,9,4,0
1942,9,5,0
1943,9,1,0
1943,9,2,201
1943,9,3,121
1943,9,4,0
1943,9,5,0
1944,9,1,230
1944,9,2,0
1944,9,3,116
1944,9,4,485
1944,9,5,89
1945,9,1,190
1945,9,2,138
1945,9,3,393
1945,9,4,0
1945,9,5,0
1946,9,1,4
1946,9,2,0
1946,9,3,0
1946,9,4,0
1946,9,5,0
1947,9,1,0
1947,9,2,0
1947,9,3,0
1947,9,4,0
1947,9,5,0
1948,9,1,0
1948,9,2,172
1948,9,3,0
1948,9,4,0
1948,9,5,302
1949,9,1,0
1949,9,2,0
1949,9,3,0
1949,9,4,0
1949,9,5,0
1950,9,1,0
1950,9,2,0
1950,9,3,345
1950,9,4,1026
1950,9,5,10
1951,9,1,6
1951,9,2,0
1951,9,3,0
1951,9,4,0
1951,9,5,0
1952,9,1,0
1952,9,2,542
1952,9,3,0
1952,9,4,36
1952,9,5,55
1953,9,1,65
1953,9,2,0
1953,9,3,286
1953,9,4,5
1953,9,5,3
1954,9,1,0
1954,9,2,0
1954,9,3,2
1954,9,4,0
1954,9,5,0
1955,9,1,0
1955,9,2,0
1955,9,3,0
1955,9,4,0
1955,9,5,0
1956,9,1,0
1956,9,2,0
1956,9,3,3
1956,9,4,11
1956,9,5,375
1957,9,1,0
1957,9,2,0
1957,9,3,0
1957,9,4,0
1957,9,5,0
1958,9,1,0
1958,9,2,0
1958,9,3,0
1958,9,4,144
1958,9,5,26
1959,9,1,75
1959,9,2,20
1959,9,3,0
1959,9,4,0
1959,9,5,934
1960,9,1,0
1960,9,2,12
1960,9,3,0
1960,9,4,0
1960,9,5,621
1961,9,1,0
1961,9,2,0
1961,9,3,0
1961,9,4,26
1961,9,5,164
1962,9,1,0
1962,9,2,0
1962,9,3,21
1962,9,4,0
1962,9,5,753
1963,9,1,107
1963,9,2,0
1963,9,3,108
1963,9,4,76
1963,9,5,0
1964,9,1,0
1964,9,2,0
1964,9,3,0
1964,9,4,0
1964,9,5,0
1965,9,1,0
1965,9,2,0
1965,9,3,19
1965,9,4,2
1965,9,5,14
1966,9,1,0
1966,9,2,0
1966,9,3,221
1966,9,4,158
1966,9,5,83
1967,9,1,0
1967,9,2,0
1967,9,3,0
1967,9,4,0
1967,9,5,0
1968,9,1,0
1968,9,2,0
1968,9,3,0
1968,9,4,581
1968,9,5,0
1969,9,1,36
1969,9,2,0
1969,9,3,0
1969,9,4,0
1969,9,5,83
1970,9,1,23
1970,9,2,35
1970,9,3,0
1970,9,4,0
1970,9,5,0
1971,9,1,258
1971,9,2,0
1971,9,3,0
1971,9,4,0
1971,9,5,23
1972,9,1,0
1972,9,2,0
1972,9,3,16
1972,9,4,7
1972,9,5,0
1973,9,1,118
1973,9,2,137
1973,9,3,24
1973,9,4,504
1973,9,5,116
1974,9,1,0
1974,9,2,0
1974,9,3,0
1974,9,4,0
1974,9,5,0
1975,9,1,0
1975,9,2,313
1975,9,3,0
1975,9,4,165
1975,9,5,0
1976,9,1,0
1976,9,2,88
1976,9,3,221
1976,9,4,5
1976,9,5,0
1977,9,1,0
1977,9,2,0
1977,9,3,238
1977,9,4,0
1977,9,5,0
1978,9,1,0
1978,9,2,0
1978,9,3,0
1978,9,4,0
1978,9,5,0
1979,9,1,52
1979,9,2,30
1979,9,3,0
1979,9,4,0
1979,9,5,0
1980,9,1,0
1980,9,2,0
1980,9,3,0
1980,9,4,0
1980,9,5,0
1981,9,1,259
1981,9,2,145
1981,9,3,33
1981,9,4,0
1981,9,5,0
1982,9,1,0
1982,9,2,0
1982,9,3,0
1982,9,4,71
1982,9,5,3
1983,9,1,0
1983,9,2,72
1983,9,3,503
1983,9,4,233
1983,9,5,0
1984,9,1,0
1984,9,2,28
1984,9,3,246
1984,9,4,0
1984,9,5,0
1985,9,1,1063
1985,9,2,177
1985,9,3,670
1985,9,4,3
1985,9,5,0
1986,9,1,156
1986,9,2,100
1986,9,3,0
1986,9,4,0
1986,9,5,458
1987,9,1,0
1987,9,2,0
1987,9,3,0
1987,9,4,0
1987,9,5,435
1988,9,1,0
1988,9,2,3
1988,9,3,1053
1988,9,4,315
1988,9,5,5
1989,9,1,3
1989,9,2,17
1989,9,3,2
1989,9,4,0
1989,9,5,204
1990,9,1,538
1990,9,2,0
1990,9,3,0
1990,9,4,0
1990,9,5,141
1991,9,1,0
1991,9,2,0
1991,9,3,0
1991,9,4,0
1991,9,5,910
1992,9,1,291
1992,9,2,0
1992,9,3,0
1992,9,4,0
1992,9,5,0
1993,9,1,0
1993,9,2,0
1993,9,3,0
1993,9,4,0
1993,9,5,0
1994,9,1,0
1994,9,2,0
1994,9,3,0
1994,9,4,19
1994,9,5,27
1995,9,1,0
1995,9,2,0
1995,9,3,0
1995,9,4,11
1995,9,5,0
1996,9,1,0
1996,9,2,0
1996,9,3,0
1996,9,4,0
1996,9,5,0
1997,9,1,0
1997,9,2,0
1997,9,3,0
1997,9,4,29
1997,9,5,0
1998,9,1,0
1998,9,2,0
1998,9,3,0
1998,9,4,0
1998,9,5,23
1999,9,1,0
1999,9,2,145
1999,9,3,0
1999,9,4,0
1999,9,5,3
2000,9,1,0
2000,9,2,0
2000,9,3,0
2000,9,4,0
2000,9,5,0
2001,9,1,12
2001,9,2,0
2001,9,3,0
2001,9,4,6
2001,9,5,378
2002,9,1,0
2002,9,2,0
2002,9,3,0
2002,9,4,0
2002,9,5,0
2003,9,1,0
2003,9,2,0
2003,9,3,0
2003,9,4,0
2003,9,5,0
2004,9,1,829
2004,9,2,0
2004,9,3,233
2004,9,4,25
2004,9,5,16
2005,9,1,0
2005,9,2,70
2005,9,3,42
2005,9,4,12
2005,9,5,7
2006,9,1,133
2006,9,2,0
2006,9,3,10
2006,9,4,6
2006,9,5,12
2007,9,1,30
2007,9,2,31
2007,9,3,73
2007,9,4,249
2007,9,5,3
2008,9,1,0
2008,9,2,0
2008,9,3,0
2008,9,4,0
2008,9,5,330
2009,9,1,10
2009,9,2,8
2009,9,3,0
2009,9,4,0
2009,9,5,0
2010,9,1,1276
2010,9,2,233
2010,9,3,0
2010,9,4,0
2010,9,5,27
2011,9,1,0
2011,9,2,0
2011,9,3,0
2011,9,4,0
2011,9,5,0
2012,9,1,0
2012,9,2,0
2012,9,3,0
2012,9,4,281
2012,9,5,21
2013,9,1,0
2013,9,2,0
2013,9,3,0
2013,9,4,0
2013,9,5,11
2014,9,1,271
2014,9,2,0
2014,9,3,414
2014,9,4,0
2014,9,5,0
2015,9,1,0
2015,9,2,0
2015,9,3,0
2015,9,4,0
2015,9,5,92
2016,9,1,0
2016,9,2,97
2016,9,3,0
2016,9,4,0
2016,9,5,0
2017,9,1,0
2017,9,2,0
2017,9,3,0
2017,9,4,0
2017,9,5,0
2018,9,1,224
2018,9,2,0
2018,9,3,19
2018,9,4,3
2018,9,5,0
2019,9,1,604
2019,9,2,725
2019,9,3,28
2019,9,4,48
2019,9,5,90
2020,9,1,53
2020,9,2,19
2020,9,3,0
2020,9,4,0
2020,9,5,0
2021,9,1,92
2021,9,2,9
2021,9,3,217
2021,9,4,0
2021,9,5,0
2022,9,1,0
2022,9,2,0
2022,9,3,102
2022,9,4,36
2022,9,5,321
2023,9,1,0
2023,9,2,0
2023,9,3,835
2023,9,4,0
2023,9,5,0